<?xml version="1.0" encoding="UTF-8"?><!--
  Generated by IBM Curam Evidence Generator.
  
  Licensed Materials - Property of IBM.
  Generator Copyright IBM Corporation 2006, 2021. All Rights Reserved.
  
  US Government User Restricted Rights - Use, duplication or disclosure
  restricted by GSA ADP Schedule Contract with IBM Corp.
--><messages package="curam.message">
<message name="ERR_FV_NO_ACTIVE_PARENT_RECORD">
<locale language="en">%1s - This %2s record cannot be activated as the related parent %3s record has not yet been activated.
</locale>
</message>
<message name="ERR_EVIDENCE_CANNOT_BE_SHARED_AS_RELATED_CASE_MEMBER_DOES_NOT_EXIST_ON_TARGET_CASE">
<locale language="en">The %1s evidence; %2s, cannot be shared onto the case %3s because the related case member %4s does not exist on this case.
</locale>
</message>
</messages>
