<?xml version="1.0" encoding="UTF-8"?>
<!--
  Licensed Materials - Property of IBM
  
  Copyright IBM Corporation 2012. All Rights Reserved.
  
  US Government Users Restricted Rights - Use, duplication or disclosure 
  restricted by GSA ADP Schedule Contract with IBM Corp.
-->
<!-- Copyright 2008, 2011 Curam Software Ltd.                               -->
<!-- All rights reserved.                                                   -->
<!-- This software is the confidential and proprietary information of Curam -->
<!-- Software, Ltd. ("Confidential Information"). You shall not disclose    -->
<!-- such Confidential Information and shall use it only in accordance with -->
<!-- the terms of the license agreement you entered into with Curam         -->
<!-- Software.                                                              -->
<EvidenceEntity>
  <Entity
    logicalName="Ownership"
    relateEvidenceParticipantID="caseParticipantRoleID"
    storageLevel="Evidence"
  >
    <RelatedEntityAttributes
      exposeOperation="Yes"
      relatedEntityAttributes="Yes"
    />
    <BusinessDates
      endDate="endDate"
      startDate="startDate"
    />


    <Relationships>
      <Parent name="BurialPlot"/>
      <Parent name="BusinessAsset"/>
      <Parent name="LifeInsurance"/>
      <Parent name="SelfEmployment"/>
      <Parent name="Vehicle"/>
      <Parent name="LiquidResources"/>
      <!-- BEGIN, CR00121160, VBC -->
      <Parent name="Loan"/>
      <!-- END, CR00121160 -->
      <Parent name="Property"/>
      <Parent name="Annuity"/>
      <Child name="TransferToIndividual"/>
      <Child name="TransferToTrust"/>
    </Relationships>


    <CachedOperation
      databaseRead="readOwnershipDetails"
      operationName="readOwnershipDetails"
      returnType="curam.evidence.entity.struct.OwnershipDetails"
    />


  </Entity>
</EvidenceEntity>
