<?xml version="1.0" encoding="UTF-8"?>
<!--
  Licensed Materials - Property of IBM
  
  Copyright IBM Corporation 2012. All Rights Reserved.
  
  US Government Users Restricted Rights - Use, duplication or disclosure 
  restricted by GSA ADP Schedule Contract with IBM Corp.
-->
<!-- 
Copyright 2008, 2011 Curam Software Ltd.
All rights reserved.

This software is the confidential and proprietary information of Curam
Software, Ltd. ("Confidential Information").  You shall not
disclose such Confidential Information and shall use it only in accordance
with the terms of the license agreement you entered into with Curam Software.
-->
<EvidenceEntity>
  <Entity
    logicalName="PaidEmployment"
    relateEvidenceParticipantID="caseParticipantRoleID"
    storageLevel="Evidence"
  >
    <RelatedEntityAttributes
      exposeOperation="No"
      relatedEntityAttributes="No"
    />


    <Relationships>
      <!-- BEGIN, CR00129048, GG -->
      <Related to="Employment">
        <ParticipantType type="PRIMARY"/>
        <ParticipantType type="MEMBER"/>
        <ParticipantType type="ALIENSPONSOR"/>
        <ParticipantType type="ALIENSPONSORSPOUSE"/>
      </Related>
      <!-- END, CR00129048 -->
      <Child name="EarnedIncome"/>
      <Child name="TradeDispute"/>
      <Child name="AnticipatedIncome"/>
    </Relationships>
    <CachedOperation
      databaseRead="read"
      operationName="readDetails"
      returnType="curam.evidence.entity.struct.PaidEmploymentDtls"
    />
  </Entity>
</EvidenceEntity>
