<?xml version="1.0" encoding="UTF-8"?>
<!--
  Licensed Materials - Property of IBM
  
  Copyright IBM Corporation 2012. All Rights Reserved.
  
  US Government Users Restricted Rights - Use, duplication or disclosure 
  restricted by GSA ADP Schedule Contract with IBM Corp.
-->
<!--
 Copyright 2003-2006 Curam Software Ltd.
 All rights reserved.

 This software is the confidential and proprietary information of Curam
 Software, Ltd. ("Confidential Information").  You shall not disclose such
 Confidential Information and shall use it only in accordance with the
 terms of the license agreement you entered into with Curam Software.
-->
<messages package="curam.message">
  <message name="ERR_AUTHORIZEDREP_FV_FIRSTNAME_EMPTY">
    <locale language="en">The Authorized Representative First Name must be entered when the Authorized Representative Last Name is entered.</locale>
    <locale
      country="GB"
      language="en"
    >The Authorised Representative First Name must be entered when the Authorised Representative Last Name is entered.</locale>
  </message>
  <message name="ERR_AUTHORIZEDREP_FV_LASTNAME_EMPTY">
    <locale language="en">The Authorized Representative Last Name must be entered when the Authorized Representative First Name is entered.</locale>
    <locale
      country="GB"
      language="en"
    >The Authorised Representative Last Name must be entered when the Authorised Representative First Name is entered.</locale>
  </message>
  <message name="ERR_AUTHORIZEDREP_FV_ADDRESS_EMPTY">
    <locale language="en">The Authorized Representative Address must be entered when the Authorized Representative Name is entered.</locale>
    <locale
      country="GB"
      language="en"
    >The Authorised Representative Address must be entered when the Authorised Representative Name is entered.</locale>
  </message>
  <message name="ERR_AUTHORIZEDREP_FV_AUTHORIZED_REPRESENTATIVE_EMPTY">
    <locale language="en">Authorized Representative details must be provided.</locale>
    <locale
      country="GB"
      language="en"
    >Authorised Representative details must be provided.</locale>
  </message>
  <message name="ERR_AUTHORIZEDREP_XFV_MORE_THAN_ONE_AUTHORIZEDREP">
    <locale language="en">Only one Authorized Representative can be entered. Please select an Authorized Representative Participant or search for a registered Authorized Representative or enter details for an unregistered Authorized Representative.</locale>
    <locale
      country="GB"
      language="en"
    >Only one Authorised Representative can be entered. Please select an Authorised Representative Participant or search for a registered Authorised Representative or enter details for an unregistered Authorised Representative.</locale>
  </message>
  <message name="ERR_AUTHORIZEDREP_XFV_ADDRESS_AND_PHONE_DETAILS_NO_NAME_DETAILS">
    <locale language="en">The Authorized Representative must be entered when any of the Authorized Representative details are entered.</locale>
    <locale
      country="GB"
      language="en"
    >The Authorised Representative must be entered when any of the Authorised Representative details are entered.</locale>
  </message>
</messages>