<?xml version="1.0" encoding="UTF-8"?>
<!--
  Licensed Materials - Property of IBM
  
  Copyright IBM Corporation 2012. All Rights Reserved.
  
  US Government Users Restricted Rights - Use, duplication or disclosure 
  restricted by GSA ADP Schedule Contract with IBM Corp.
-->
<!--
Copyright 2003-2006 Curam Software Ltd.
All rights reserved.

This software is the confidential and proprietary information of Curam 
Software, Ltd. ("Confidential Information"). You shall not disclose 
such Confidential Information and shall use it only in accordance with
the terms of the license agreement you entered into with Curam
Software.
-->
<messages package="curam.message">
  <message name="ERR_ALIEN_XRV_NO_CANCEL_ALIEN_SPONSORSHIP_EXISTS">
    <locale language="en">This Alien record cannot be removed as there is a related Alien Sponsorship record. To remove the Alien record, you must first remove the related Alien Sponsorship record.</locale>
  </message>
  <message name="ERR_ALIEN_XRV_INCORRECT_CITIZEN_STATUS">
    <locale language="en">The Household Member must have a  Citizen Status type that will allow them to be recorded as an Alien. To change the Citizen Status of a Household Member, go to the Household Member evidence page.</locale>
  </message>
</messages>