<?xml version="1.0" encoding="UTF-8"?>
<!--
  Licensed Materials - Property of IBM
  
  Copyright IBM Corporation 2012. All Rights Reserved.
  
  US Government Users Restricted Rights - Use, duplication or disclosure 
  restricted by GSA ADP Schedule Contract with IBM Corp.
-->
<!--
 Copyright 2003-2006 Curam Software Ltd.
 All rights reserved.

 This software is the confidential and proprietary information of Curam
 Software, Ltd. ("Confidential Information").  You shall not disclose such
 Confidential Information and shall use it only in accordance with the
 terms of the license agreement you entered into with Curam Software.
-->
<messages package="curam.message">
  <message name="ERR_ALIENSPONSOR_XRV_NO_CANCEL_SPONSORSHIP_EXISTS">
    <locale language="en">This Alien record cannot be removed as there is a related Alien Sponsorship record. To remove the Alien record, you must first remove the related Alien Sponsorship record.</locale>
  </message>
  <message name="ERR_ALIENSPONSOR_FV_ALIEN_SPONSOR_EMPTY">
    <locale language="en">Alien Sponsor Details must be provided.</locale>
  </message>
  <message name="ERR_ALIENSPONSOR_FV_SPONSOR_ADDRESS_EMPTY">
    <locale language="en">The Alien Sponsor address details must be entered when the Alien Sponsor Name is entered.</locale>
  </message>
  <message name="ERR_ALIENSPONSOR_FV_SPONSOR_NAME_EMPTY">
    <locale language="en">The Alien Sponsor Name must be entered when any of the Alien Sponsor details are entered.</locale>
  </message>
  <message name="ERR_ALIENSPONSOR_XFV_SPONSOR_PHONE_AREA_CODE_NUMBER">
    <locale language="en">The Alien Sponsor Phone Area Code must be entered if Alien Sponsor Phone Number is entered.</locale>
  </message>
  <message name="ERR_ALIENSPONSOR_XFV_SPONSOR_PHONE_NUMBER_AREA_CODE">
    <locale language="en">The Alien Sponsor Phone Number must be entered if Alien Sponsor Phone Area Code is entered.</locale>
  </message>
  <message name="ERR_ALIENSPONSOR_XFV_SPOUSE_ADDRESS_EMPTY">
    <locale language="en">The Spouse address details must be entered if Alien Sponsor Spouse Name is entered.</locale>
  </message>
  <message name="ERR_ALIENSPONSOR_FV_SPOUSE_NAME_EMPTY">
    <locale language="en">The Spouse Name must be entered when any of the Alien Sponsor details are entered.</locale>
  </message>
  <message name="ERR_ALIENSPONSOR_XFV_SPOUSE_PHONE_AREA_CODE_NUMBER">
    <locale language="en">The Spouse Phone Area Code must be entered if Alien Sponsor Spouse Phone Number is entered.</locale>
  </message>
  <message name="ERR_ALIENSPONSOR_XFV_SPOUSE_PHONE_NUMBER_AREA_CODE">
    <locale language="en">The Spouse Phone Number must be entered if Alien Sponsor Spouse Phone Area Code is entered.</locale>
  </message>
  <message name="ERR_ALIENSPONSOR_XFV_ALIEN_SPONSOR_SPONSOR_SPOUSE">
    <locale language="en">Alien Sponsor and Alien Sponsor Spouse cannot be the same person.</locale>
  </message>
  <message name="ERR_ALIENSPONSOR_XRV_ALIENSPONSOR_EXISTS">
    <locale language="en">An Alien Sponsor record already exists for this Participant.</locale>
  </message>
  <message name="ERR_ALIENSPONSOR_XRV_ALIENSPOUSE_EXISTS">
    <locale language="en">An Alien Sponsor Spouse record already exists for this Participant.
    </locale>
  </message>
  <message name="ERR_ALIENSPONSOR_XFV_SPOUSE_DETAILS_EMPTY_RESIDES">
    <locale language="en">The Spouse Details must be entered when Spouse Resides With Sponsor is selected.</locale>
  </message>
  <message name="ERR_ALIENSPONSOR_XFV_SPONSER_ONLY_ONE">
    <locale language="en">Only one Alien Sponsor can be entered. Please select an Alien Sponsor Participant or search for a registered Alien Sponsor or enter details for an unregistered Alien Sponsor.</locale>
  </message>
  <message name="ERR_ALIENSPONSOR_XFV_SPOUSE_ONLY_ONE">
    <locale language="en">Only one Alien Sponsor Spouse can be entered. Please select an a Sponsor Spouse Participant or search for a registered Sponsor Spouse or enter details for an unregistered Sponsor Spouse.</locale>
  </message>
  <message name="ERR_ALIENSPONSOR_XFV_SPONSER_PERSON_INDIVIDUAL">
    <locale language="en">The Sponsor must be registered in the system as a "Person" or "Representative" when the Alien Sponsor Type is "Individual".</locale>
  </message>
  <message name="ERR_ALIENSPONSOR_XFV_SPONSER_OTHER_ORGANIZATION">
    <locale language="en">The Sponsor must be registered in the system as an "Employer", or a "Service Supplier" or a "Product Provider" when the Alien Sponsor Type is "Organization".</locale>
    <locale
      country="GB"
      language="en"
    >The Sponsor must be registered in the system as an "Employer", or a "Service Supplier" or a "Product Provider" when the Alien Sponsor Type is "Organisation".</locale>
  </message>
</messages>