<?xml version="1.0" encoding="UTF-8"?>
<!--
  Licensed Materials - Property of IBM
  
  PID 5725-H26
  
  Copyright IBM Corporation 2012,2018. All Rights Reserved.
  
  US Government Users Restricted Rights - Use, duplication or disclosure 
  restricted by GSA ADP Schedule Contract with IBM Corp.
-->
<!--
 Copyright 2003-2006 Curam Software Ltd.
 All rights reserved.

 This software is the confidential and proprietary information of Curam
 Software, Ltd. ("Confidential Information").  You shall not disclose such
 Confidential Information and shall use it only in accordance with the
 terms of the license agreement you entered into with Curam Software.
-->
<messages package="curam.message">
  <message name="ERR_ABSENTPARENT_XRV_NO_CANCEL_ABSENT_PARENT_CHILD_SUPPORT_EXISTS">
    <locale language="en">Absent Parent cannot be canceled: An Absent Parent Child Support is still associated to it.</locale>
    <locale
      country="GB"
      language="en"
    >Absent Parent cannot be cancelled: An Absent Parent Child Support is still associated to it.</locale>
  </message>
  <message name="ERR_ABSENTPARENT_FV_DETAILS_EMPTY">
    <locale language="en">Absent Parent details must be provided.</locale>
  </message>
  <message name="ERR_ABSENTPARENT_FV_DETAILS_ENTERED_NAME_EMPTY">
    <locale language="en">The Absent Parent Name must be entered when any of the Absent Parent details are entered.</locale>
  </message>
  <message name="ERR_ABSENTPARENT_FV_ONLY_ONE_ABSENT_PARENT">
    <locale language="en">Only one Absent Parent can be entered. Please search for a registered Absent Parent or enter details for an unregistered Absent Parent.</locale>
  </message>
  <message name="ERR_ABSENTPARENT_FV_FIRSTNAME_EMPTY">
    <locale language="en">The First Name must be entered when the Absent Parent Last Name is entered.</locale>
  </message>
  <message name="ERR_ABSENTPARENT_FV_LASTNAME_EMPTY">
    <locale language="en">The Last Name must be entered when the Absent Parent First Name is entered.</locale>
  </message>
  <message name="ERR_ABSENTPARENT_FV_ADDRESS_EMPTY">
    <locale language="en">The Absent Parent address must be entered when the Absent Parent name is entered.</locale>
  </message>
  <message name="ERR_ABSENTPARENT_XRV_ABSENT_PARENT_HOUSEHOLD_MEMBER">
    <locale language="en">The Absent Parent record must not overlap with an existing Household Member record for this participant.</locale>
  </message>
  <message name="ERR_ABSENTPARENT_XFV_PATERNITY_METHOD">
    <locale language="en">A Method Paternity Established must be selected when Paternity Established is selected.</locale>
    <locale
      country="GB"
      language="en"
    >A Method Paternity Established must be selected when Paternity Established is selected.</locale>
  </message>
  <message name="ERR_ABSENTPARENT_XRV_RELATED_CHILD_SUPPORT_ENFORCEMENT">
    <locale language="en">This Absent Parent record cannot be removed as there is a related Absent Parent Child Support record. To remove the Absent Parent record, you must first remove the Absent Parent Child Support record.</locale>
  </message>
  <message name="ERR_ABSENTPARENT_XRV_EXISTING_ABSENTPARENT">
    <locale language="en">The Absent Parent already exists.</locale>
  </message>
  <!-- BEGIN, CR00110961, GG -->
  <message name="ERR_ABSENTPARENT_XRV_SSN_MUST_NOT_BE_ENTERED">
    <locale language="en">The SSN must not be entered when the Absent Parent is registered on the system.</locale>
  </message>
  <message name="ERR_ABSENTPARENT_XRV_GENDER_MUST_NOT_BE_ENTERED">
    <locale language="en">The Gender must not be entered when the Absent Parent is registered on the system.</locale>
  </message>
  <message name="ERR_ABSENTPARENT_XRV_DOB_MUST_NOT_BE_ENTERED">
    <locale language="en">The Date Of Birth must not be entered when the Absent Parent is registered on the system.</locale>
  </message>
  <!-- END, CR00110961 -->
</messages>