<?xml version="1.0" encoding="UTF-8"?>
<!--
  Licensed Materials - Property of IBM
  
  Copyright IBM Corporation 2012. All Rights Reserved.
  
  US Government Users Restricted Rights - Use, duplication or disclosure 
  restricted by GSA ADP Schedule Contract with IBM Corp.
-->
<!--
Copyright (c) 2004-2005 Curam Software Ltd.
All rights reserved.

This software is the confidential and proprietary information of Curam
Software, Ltd. ("Confidential Information").  You shall not disclose such
Confidential Information and shall use it only in accordance with the
terms of the license agreement you entered into with Curam Software.
-->
<messages package="curam.message">
  <message name="ERR_ALIMONY_FV_RECIPIENT_EMPTY">
    <locale language="en">Recipient Details must be provided.</locale>
  </message>
  <message name="ERR_ALIMONY_XFV_RECIPIENT_HOUSEHOLD_MEMBER">
    <locale language="en">The Recipient and Household Member cannot be the same person.</locale>
  </message>
  <message name="ERR_ALIMONY_XRV_ALIMONY_EXISTS">
    <locale language="en">An Alimony Expense record already exists for this Household Member and Recipient.</locale>
  </message>
  <message name="ERR_ALIMONY_FV_RECIPIENT_NAME_EMPTY">
    <locale language="en">The Recipient Name must be entered when any of the Recipient details are entered.</locale>
  </message>
  <message name="ERR_ALIMONY_XRV_RECIPIENT_NAME_ADDRESS">
    <locale language="en">The Recipient Address must be entered when the Recipient Name is entered.</locale>
  </message>
  <message name="ERR_ALIMONY_XRV_ALIMONY_TOO_MANY_RECIPIENTS">
    <locale language="en">Only one Recipient can be entered. Please select a Recipient Participant or search for a registered Recipient or enter details for an unregistered Recipient.</locale>
  </message>
</messages>