<?xml version="1.0" encoding="UTF-8"?>
<!--
  Licensed Materials - Property of IBM
  
  Copyright IBM Corporation 2012,2021. All Rights Reserved.
  
  US Government Users Restricted Rights - Use, duplication or disclosure 
  restricted by GSA ADP Schedule Contract with IBM Corp.
-->

<messages package="curam.message">
  <message name="INF_ABPARCHILDSUPPORT_LINKTEXT_ADD_ENFORCEMENT">
    <locale language="en">New</locale>
  </message>
  <message name="INF_ABPARCHILDSUPPORT_LINKTEXT_VIEW_ENFORCEMENT">
    <locale language="en">View</locale>
  </message>
  <message name="ERR_ABPARCHILDSUPPORT_XRV_CHILD_NOT_MINOR">
    <locale language="en">The Child must be a minor.</locale>
  </message>
  <message name="ERR_ABPARCHILDSUPPORT_XRV_CHILD_NO_LONGER_MINOR_MODIFY">
    <locale language="en">As %1s is no longer a minor, you cannot modify this record.</locale>
  </message>
  <message name="ERR_ABPARCHILDSUPPORT_FV_ABSENT_PARENT_NOT_SELECTED">
    <locale language="en">An Absent parent must be selected. Please select one from the list or add a new one.</locale>
  </message>
  <message name="ERR_ABPARCHILDSUPPORT_FV_CHILD_NOT_SELECTED">
    <locale language="en">A Child Support Enforcement record must be created for a child first.</locale>
  </message>
  <!-- BEGIN, END 62563 -->
  <message name="ERR_FIELD_LABEL_STARTDATE_AFTER_LASTPAYMENTDATE">
    <locale language="en">Start date must not be later than the Last Payment Date.</locale>
  </message>
</messages>