<?xml version="1.0" encoding="UTF-8"?>
<!--
  Licensed Materials - Property of IBM
  
  Copyright IBM Corporation 2012. All Rights Reserved.
  
  US Government Users Restricted Rights - Use, duplication or disclosure 
  restricted by GSA ADP Schedule Contract with IBM Corp.
-->
<!--
Copyright 2006 Curam Software Ltd.
All rights reserved.

This software is the confidential and proprietary information of Curam
Software, Ltd. ("Confidential Information").  You shall not disclose such
Confidential Information and shall use it only in accordance with the
terms of the license agreement you entered into with Curam Software.
-->
<messages package="curam.message">
  <message name="ERR_ADD_MEMBER_TO_BENEFIT_GROUP">
    <locale language="en">Are you sure you wish to add %1s to the benefit group for CHIP?</locale>
  </message>
  <message name="ERR_REMOVE_MEMBER_TO_BENEFIT_GROUP">
    <locale language="en">Are you sure you wish to remove %1s from the benefit group for CHIP? </locale>
  </message>
  <message name="ERR_PREMIUM_AMOUNT_MAY_INCREASE_VIEW_PREMIUM_DETAILS">
    <locale language="en">The premium amount payable may have increased with the addition of %1s. Please view the premium details from the product delivery home page.</locale>
  </message>
  <message name="ERR_BENEFIT_DELIVERY_SYSTEM_DETAILS_HAVE_BEEN_SELECTED_VIEW_DETAILS">
    <locale language="en">Default benefit delivery system details have been selected for %1s. Please view these details from the product delivery home page.</locale>
  </message>
</messages>