<?xml version="1.0" encoding="UTF-8"?>
<!--
  Licensed Materials - Property of IBM
  
  Copyright IBM Corporation 2012. All Rights Reserved.
  
  US Government Users Restricted Rights - Use, duplication or disclosure 
  restricted by GSA ADP Schedule Contract with IBM Corp.
-->
<!--
 Copyright 2003-2005 Curam Software Ltd.
 All rights reserved.

 This software is the confidential and proprietary information of Curam
 Software, Ltd. ("Confidential Information").  You shall not disclose such
 Confidential Information and shall use it only in accordance with the
 terms of the license agreement you entered into with Curam Software.
-->
<messages package="curam.message">
  <message name="ERR_BURIALPLOT_FV_OWNER_EMPTY">
    <locale language="en">Burial Plot Owner must be supplied.</locale>
  </message>
  <message name="ERR_BURIALPLOT_XRV_NO_CANCEL_CHILD_EXISTS">
    <locale language="en">Burial Plot record cannot be canceled: An associated Joint Owner record exists.</locale>
    <locale
      country="GB"
      language="en"
    >Burial Plot record cannot be cancelled: An associated Joint Owner record exists.</locale>
  </message>
  <message name="ERR_BURIALPLOT_FV_JOINTOWNER_EMPTY">
    <locale language="en">Ownership details must be provided.</locale>
  </message>
  <message name="ERR_BURIALPLOT_XFV_JOINTOWNER_ADDRESS_NAME">
    <locale language="en">Joint Owner Address must be entered if Joint Owner Name is entered.</locale>
  </message>
  <message name="ERR_BURIALPLOT_XFV_JOINTOWNER_PHONEAREACODE_PHONENUMBER">
    <locale language="en">Joint Owner Phone Area Code must be entered if Joint Owner Phone Number is entered.</locale>
  </message>
  <message name="ERR_BURIALPLOT_XFV_JOINTOWNER_PHONENUMBER_PHONEAREACODE">
    <locale language="en">Joint Owner Phone Number must be entered if Joint Owner Phone Area Code is entered.</locale>
  </message>
  <message name="ERR_BURIALPLOT_XRV_JOINT_OWNER_EXISTS">
    <locale language="en">This Participant already exists as a Joint Owner of this Burial Plot.</locale>
  </message>
  <message name="ERR_BURIALPLOT_XRV_OWNER_EXISTS">
    <locale language="en">This Participant already exists as the Owner of this Burial Plot.</locale>
  </message>
  <message name="ERR_BURIALPLOT_XRV_PERCENTAGE_LESS_THAN_ONE">
    <locale language="en">The Percentage Owned By Joint Owner must be greater than zero.</locale>
  </message>
  <message name="ERR_BURIALPLOT_XRV_TOTAL_PERCENTAGE">
    <locale language="en">The total Percentage Owned by all Joint Owners must be less than 100 percent.</locale>
  </message>
  <message name="ERR_BURIALPLOT_XRV_ONE_JOINT_OWNER">
    <locale language="en">Only one Joint Owner can be entered. Please select a Joint Owner Participant or search for a registered Joint Owner or enter details for an unregistered Joint Owner.</locale>
  </message>
  <message name="ERR_BURIALPLOT_XRV_JOINT_OWNER_NAME_ADDRESS">
    <locale language="en">The Joint Owner Name must be entered when the Joint Owner address details are entered.</locale>
  </message>
  <message name="ERR_BURIALPLOT_XRV_DETAILS_SET_NO_NAME">
    <locale language="en">The Joint Owner Name must be entered when any of the Joint Owner details are entered.</locale>
  </message>
</messages>