<?xml version="1.0" encoding="UTF-8"?>
<!--
  Licensed Materials - Property of IBM
  
  Copyright IBM Corporation 2012. All Rights Reserved.
  
  US Government Users Restricted Rights - Use, duplication or disclosure 
  restricted by GSA ADP Schedule Contract with IBM Corp.
-->
<!--
-->
<messages package="curam.message">
  <message name="ERR_BURIALPLAN_FV_OWNER_EMPTY">
    <locale language="en">Burial Plan Owner must be provided.</locale>
  </message>
  <message name="ERR_BURIALPLAN_FV_FUNHOME_EMPTY">
    <locale language="en">Funeral Home must be provided.</locale>
  </message>
  <message name="ERR_BURIALPLAN_XFV_FUNHOME_ADDRESS_NAME">
    <locale language="en">Funeral Home Address must be entered if Funeral Home Name is entered.</locale>
  </message>
  <message name="ERR_BURIALPLAN_XFV_FUNHONE_ALREADY_ENTERED">
    <locale language="en">Only one Funeral Home can be entered. Please select a Funeral Home Participant or enter details for an unregistered Funeral Home.</locale>
  </message>
</messages>