<?xml version="1.0" encoding="UTF-8"?>
<!--
  Licensed Materials - Property of IBM
  
  Copyright IBM Corporation 2012. All Rights Reserved.
  
  US Government Users Restricted Rights - Use, duplication or disclosure 
  restricted by GSA ADP Schedule Contract with IBM Corp.
-->
<!--
Copyright 2005-2006 Curam Software Ltd.
All rights reserved.

This software is the confidential and proprietary information of Curam
Software, Ltd. ("Confidential Information").  You shall not disclose such
Confidential Information and shall use it only in accordance with the
terms of the license agreement you entered into with Curam Software.
-->
<messages package="curam.message">
  <message name="ERR_BENEFICIARY_XFV_BENEFICIARY_DETAILS_NOT_ENTERED">
    <locale language="en">Beneficiary details must be provided.</locale>
  </message>
  <message name="ERR_BENEFICIARY_XFV_MULTIPLE_BENEFICIARY_ENTERED">
    <locale language="en">Only one Beneficiary can be entered.  Please select a Beneficiary Participant or search for a registered Beneficiary or enter details for an unregistered Beneficiary.</locale>
  </message>
  <message name="ERR_BENEFICIARY_XFV_ADDRESS_NOT_ENTERED">
    <locale language="en">The Beneficiary Address must be entered when the Beneficiary Name is entered.</locale>
  </message>
  <message name="ERR_BENEFICIARY_XFV_NAME_NOT_ENTERED">
    <locale language="en">The Beneficiary Name must be entered when any of the Beneficiary details are entered.</locale>
  </message>
  <message name="ERR_BENEFICIARY_XRV_REL_GRANTOR_TO_BEN_MUST_BE_NA_FOR_NONPROFIT_ORG">
    <locale language="en">The Relationship of Grantor to Beneficiary must be "N/A", when the Grantor Type is "Non-Profit Organization".</locale>
    <locale
      country="GB"
      language="en"
    >The Relationship of Grantor to Beneficiary must be "N/A", when the Grantor Type is "Non-Profit Organisation".</locale>
  </message>
  <message name="ERR_BENEFICIARY_XFV_INDIVIDUAL_AND_PERSON_REL_GRANTOR_TO_BEN_MUST_BE_NA">
    <locale language="en">The Relationship of Grantor to Beneficiary must be "N/A", when the Beneficiary is a participant of type "Employer", "Service Supplier" or "Product Provider".</locale>
  </message>
  <message name="ERR_BENEFICIARY_XRV_GRANTORINDIVIDUAL_AND_PARTICIPANTPERSON_REL_GRANTOR_TO_BEN_MUST_NOT_BE_NA">
    <locale language="en">The Relationship of Grantor to Beneficiary must not be "N/A", when the Grantor Type is "Individual" and the Beneficiary is a participant of type "Person".</locale>
  </message>
</messages>