<?xml version="1.0" encoding="UTF-8"?>
<!--
  Licensed Materials - Property of IBM
  
  Copyright IBM Corporation 2012. All Rights Reserved.
  
  US Government Users Restricted Rights - Use, duplication or disclosure 
  restricted by GSA ADP Schedule Contract with IBM Corp.
-->
<!-- 
Copyright 2007-2008 Curam Software Ltd.                                 
All rights reserved.                                                   

This software is the confidential and proprietary information of Curam 
Software, Ltd. ("Confidential Information"). You shall not disclose    
such Confidential Information and shall use it only in accordance with 
the terms of the license agreement you entered into with Curam         
Software.                                                              
-->
<messages package="curam.message">
  <message name="ERR_FV_PARTICIPANTROLEID_EMPTY">
    <locale language="en">A Household Member must be selected for the case.</locale>
  </message>
  <message name="ERR_XRV_HOUSEHOLDMEMBER_IS_A_PROSPECT">
    <locale language="en">In order to transfer evidence to a new Income Support Product case all household members must be registered.</locale>
  </message>
  <message name="ERR_XRV_CANNOT_CANCEL_PRIMARY_EVIDENCE_TREE">
    <locale language="en">This evidence tree cannot be canceled since it is the only active or in edit evidence tree which is effective from the case start date.</locale>
    <locale
      country="GB"
      language="en"
    >This evidence tree cannot be cancelled since it is the only active or in edit evidence tree which is effective from the case start date.</locale>
  </message>
  <message name="ERR_XRV_EFFECTIVE_FROM_DATE_BEFORE_CURRENT_ACTIVE_TREE">
    <locale language="en">The effective from date chosen is before that of the selected active tree.</locale>
  </message>
  <message name="ERR_XRV_EFFECTIVE_FROM_DATE_AFTER_NEXT_ACTIVE_TREE">
    <locale language="en">The effective from date chosen is after that of the next active tree.</locale>
  </message>
  <message name="ERR_XRV_EVIDENCE_TREE_IS_NOT_ACTIVE">
    <locale language="en">The eligibility must be determined before the evidence can be transfered to an Income Support Product case.</locale>
  </message>
  <message name="ERR_XRV_INEDIT_EVIDENCE_EXISTS">
    <locale language="en">An 'In Edit' tree already exists with this Effective From date.</locale>
  </message>
  <message name="ERR_FV_EMPLOYER_DETAILS_EMPTY">
    <locale language="en">The Employer Details must be provided.</locale>
  </message>
  <message name="ERR_XFV_MULTIPLE_EMPLOYERS_SELECTED">
    <locale language="en">Only one Employer can be entered. Please select an Employer Participant or search for a registered Employer or enter details for an unregistered Employer.</locale>
  </message>
  <message name="ERR_XFV_EMPLOYER_NAME_EMPTY">
    <locale language="en">The Employer Name must be entered when any of the Employer details are entered.</locale>
  </message>
  <message name="ERR_FV_EMPLOYER_ADDRESS_EMPTY">
    <locale language="en">The Employer Address must be entered.</locale>
  </message>
  <message name="ERR_XRV_MINIMUM_VETERAN_EVIDENCE_DOES_NOT_EXIST">
    <locale language="en">The Veteran Status on the Household Member evidence of %1s requires that Veteran Military evidence be recorded.</locale>
  </message>
  <message name="ERR_XRV_MINIMUM_ALIEN_EVIDENCE_DOES_NOT_EXIST">
    <locale language="en">As %1s is not a US Citizen, Alien evidence must be recorded.</locale>
  </message>
  <!-- BEGIN, HAPR 77242, NK -->
  <message name="ERR_XRV_MINIMUM_WORKREQ_EVIDENCE_DOES_NOT_EXIST">
    <locale language="en">A Paid/Self Employment record, Work Requirements record or at least part-time Student record must be entered for %1s.</locale>
  </message>
  <!-- END, HAPR 77242 -->
  <message name="ERR_XRV_MINIMUM_EARNEDINC_EVIDENCE_DOES_NOT_EXIST">
    <locale language="en">Earned Income evidence must be recorded for the Paid Employment evidence record for %1s.</locale>
  </message>
  <message name="ERR_XRV_MINIMUM_LIVINGARR_EVIDENCE_DOES_NOT_EXIST">
    <locale language="en">A Living Arrangement record must be recorded for %1s.</locale>
  </message>
  <message name="ERR_XRV_MINIMUM_HHOLDMEALS_EVIDENCE_DOES_NOT_EXIST">
    <locale language="en">The Head of Household must be present in a Household Meals Group.</locale>
  </message>
  <message name="ERR_XRV_MINIMUM_BENEFICIARY_EVIDENCE_DOES_NOT_EXIST">
    <locale language="en">Beneficiary evidence must be recorded for the Trust evidence record.</locale>
  </message>
  <message name="ERR_XRV_MINIMUM_TRUSTEE_EVIDENCE_DOES_NOT_EXIST">
    <locale language="en">Trustee evidence must be recorded for the Trust evidence record.</locale>
  </message>
  <message name="ERR_XRV_MINIMUM_GROSSRECEIPT_EVIDENCE_DOES_NOT_EXIST">
    <locale language="en">Gross Receipt evidence must be recorded for the Self Employment evidence record for %1s.</locale>
  </message>
  <message name="ERR_XRV_MINIMUM_OWNERSHIP_IN_SELF_EMPLOYMENT_EVIDENCE_DOES_NOT_EXIST">
    <locale language="en">Ownership evidence must be recorded for the Self Employment evidence record for %1s.</locale>
  </message>
  <message name="ERR_XRV_MINIMUM_UNBORNCHILD_EVIDENCE_DOES_NOT_EXIST">
    <locale language="en">Unborn Child evidence must be recorded for the Pregnancy evidence record for %1s.</locale>
  </message>
  <message name="ERR_XRV_MINIMUM_COVERAGE_EVIDENCE_DOES_NOT_EXIST">
    <locale language="en">Coverage evidence must be recorded for the Medical Insurance evidence record for %1s.</locale>
  </message>
  <message name="ERR_XRV_MINIMUM_CONTRIBUTOR_IN_UTILITY_EVIDENCE_DOES_NOT_EXIST">
    <locale language="en">Contributor evidence must be recorded for the Utility Expense evidence record for %1s.</locale>
  </message>
  <message name="ERR_XRV_MINIMUM_CONTRIBUTOR_IN_LIVING_EVIDENCE_DOES_NOT_EXIST">
    <locale language="en">Contributor evidence must be recorded for the Living Expense evidence record for %1s.</locale>
  </message>
  <message name="ERR_XRV_MINIMUM_CONTRIBUTOR_IN_SHELTER_EVIDENCE_DOES_NOT_EXIST">
    <locale language="en">Contributor evidence must be recorded for the Shelter Expense evidence record for %1s.</locale>
  </message>
  <message name="ERR_XRV_MINIMUM_OWNERSHIP_IN_PROPERTY_EVIDENCE_DOES_NOT_EXIST">
    <locale language="en">Ownership evidence must be recorded for the Property evidence record for %1s.</locale>
  </message>
  <message name="ERR_XRV_UTILITY_EXPENSE_TOTAL_AMOUNT_IS_NOT_CORRECT">
    <locale language="en">The Expense Amount on each contributor record for this Utility Expense evidence record must, when totaled, be equal to the total expense amount on the utility expense record.</locale>
    <locale
      country="GB"
      language="en"
    >The Expense Amount on each contributor record for this Utility Expense evidence record must, when totalled, be equal to the total expense amount on the utility expense record.</locale>
  </message>
  <message name="ERR_XRV_LIVING_EXPENSE_TOTAL_AMOUNT_IS_NOT_CORRECT">
    <locale language="en">The Expense Amount on each contributor record for this Living Expense evidence record must, when totaled, be equal to the total expense amount on the living expense record.</locale>
    <locale
      country="GB"
      language="en"
    >The Expense Amount on each contributor record for this Living Expense evidence record must, when totalled, be equal to the total expense amount on the living expense record.</locale>
  </message>
  <message name="ERR_XRV_SHELTER_EXPENSE_TOTAL_AMOUNT_IS_NOT_CORRECT">
    <locale language="en">The Expense Amount on each contributor record for this Shelter Expense evidence record must, when totaled, be equal to the total expense amount on the shelter expense record.</locale>
    <locale
      country="GB"
      language="en"
    >The Expense Amount on each contributor record for this Shelter Expense evidence record must, when totalled, be equal to the total expense amount on the shelter expense record.</locale>
  </message>
</messages>