<?xml version="1.0" encoding="UTF-8"?>
<!--
  Licensed Materials - Property of IBM
  
  Copyright IBM Corporation 2012. All Rights Reserved.
  
  US Government Users Restricted Rights - Use, duplication or disclosure 
  restricted by GSA ADP Schedule Contract with IBM Corp.
-->
<!-- 
Copyright 2005 Curam Software, Ltd.
All rights reserved.

This software is the confidential and proprietary information of Curam
Software, Ltd. ("Confidential Information").  You shall not
disclose such Confidential Information and shall use it only in accordance
with the terms of the license agreement you entered into with Curam Software.
-->
<messages package="curam.message">
  <message name="ERR_ISPCOVERAGE_XRV_EXISTING_COVERAGE">
    <locale language="en">A Coverage record already exists for this Case Participant for this Medical Insurance record.</locale>
  </message>
  <message name="ERR_COVERAGE_XRV_NOT_SELF_AND_POLICYHOLDER">
    <locale language="en">The Relationship to the Policyholder/Employee must be "Self" when the Household Member is the Policyholder/Employee.</locale>
  </message>
  <message name="ERR_COVERAGE_XRV_SELF_AND_NOT_POLICYHOLDER">
    <locale language="en">The Relationship to the Policyholder/Employee must not be "Self" when the Household Member is not the Policyholder/Employee.</locale>
  </message>
</messages>