<?xml version="1.0" encoding="UTF-8"?>
<!--
  Licensed Materials - Property of IBM
  
  Copyright IBM Corporation 2012. All Rights Reserved.
  
  US Government Users Restricted Rights - Use, duplication or disclosure 
  restricted by GSA ADP Schedule Contract with IBM Corp.
-->
<!--
Copyright 2003-2005 Curam Software Ltd.
All rights reserved.

This software is the confidential and proprietary information of Curam
Software, Ltd. ("Confidential Information").  You shall not disclose such
Confidential Information and shall use it only in accordance with the
terms of the license agreement you entered into with Curam Software.
-->
<messages package="curam.message">
  <message name="ERR_CHILDSUPPORTEXPENSE_XFV_RECIPIENT_ADDRESS_EMPTY">
    <locale language="en">Child Support Recipient Address must be entered if Child Support Recipient Name is entered.</locale>
  </message>
  <message name="ERR_CHILDSUPPORTEXPENSE_XRV_COURTORDER_EXISTS">
    <locale language="en">This Child Support Expense cannot be removed as there is a related Court Order.</locale>
  </message>
  <message name="ERR_CHILDSUPPORTEXPENSE_XRV_CHILDSUPPORTEXPENSE_EXISTS">
    <locale language="en">A Child Support Expense record already exists for this Household Member and Child Participant.</locale>
  </message>
  <message name="ERR_CHILDSUPPORTEXPENSE_XRV_CHILD_NOT_MINOR">
    <locale language="en">Child must be a minor.</locale>
  </message>
  <message name="ERR_CHILDSUPPORTEXPENSE_XRV_CHILD_NO_LONGER_MINOR_MODIFY">
    <locale language="en">As %1s is no longer a minor, you cannot modify this record.</locale>
  </message>
  <message name="INF_CHILDSUPPORTEXPENSE_LINKTEXT_ADD_COURTORDER">
    <locale language="en">Add Court Order</locale>
  </message>
  <message name="INF_CHILDSUPPORTEXPENSE_LINKTEXT_VIEW_COURTORDER">
    <locale language="en">View Court Order</locale>
  </message>
</messages>