<?xml version="1.0" encoding="UTF-8"?>
<!--
  Licensed Materials - Property of IBM
  
  Copyright IBM Corporation 2012. All Rights Reserved.
  
  US Government Users Restricted Rights - Use, duplication or disclosure 
  restricted by GSA ADP Schedule Contract with IBM Corp.
-->
<!--
 Copyright 2005-2006 Curam Software Ltd.
 All rights reserved.

 This software is the confidential and proprietary information of Curam
 Software, Ltd. ("Confidential Information").  You shall not disclose such
 Confidential Information and shall use it only in accordance with the
 terms of the license agreement you entered into with Curam Software.
-->
<messages package="curam.message">
  <message name="ERR_CONTRIBUTOR_FV_CONTRIBUTOR_EMPTY">
    <locale language="en">Contributor Details must be provided.</locale>
  </message>
  <message name="ERR_CONTRIBUTOR_XFV_CONTRIBUTOR_ALREADY_ENTERED">
    <locale language="en">Only one Contributor can be entered. Please select a Contributor Participant or search for a registered Contributor or enter details for an unregistered Contributor.</locale>
  </message>
  <message name="ERR_CONTRIBUTOR_XFV_ADDRESS_EMPTY">
    <locale language="en">The Contributor Address must be entered when the Contributor Name is entered.</locale>
  </message>
  <message name="ERR_CONTRIBUTOR_XFV_NAME_EMPTY">
    <locale language="en">The Contributor Name must be entered when any of the Contributor details are entered.</locale>
  </message>
</messages>