<?xml version="1.0" encoding="UTF-8"?>
<!--
  Licensed Materials - Property of IBM
  
  Copyright IBM Corporation 2012. All Rights Reserved.
  
  US Government Users Restricted Rights - Use, duplication or disclosure 
  restricted by GSA ADP Schedule Contract with IBM Corp.
-->
<!--
Copyright 2003,2005 Curam Software Ltd.
All rights reserved.

This software is the confidential and proprietary information of Curam
Software , Ltd. ("Confidential Information").  You shall not
disclose such Confidential Information and shall use it only in accordance
with the terms of the license agreement you entered into with Curam Software.
-->
<messages package="curam.message">
  <message name="ERR_DOMESTICVIOLENCE_XFV_SUSPECT_OFFENDER_HOUSEHOLD_MEMBER">
    <locale language="en">Suspect Offender and Household Member cannot be the same person.</locale>
  </message>
  <message name="ERR_DOMESTICVIOLENCE_XRV_DOMESTICVIOLENCE_EXISTS">
    <locale language="en">A Domestic Violence record already exists for this Household Member and Suspect Offender during the same period.</locale>
  </message>
  <message name="ERR_DOMESTICVIOLENCE_FV_SUSPECT_OFFENDER_MORE_THAN_ONE">
    <locale language="en">Only one Suspect Offender can be entered. Please select a Suspect Offender Participant or search for a registered Suspect Offender or enter details for an unregistered Suspect Offender.</locale>
  </message>
  <message name="ERR_DOMESTICVIOLENCE_XFV_SUSPECT_OFFENDER_ADDRESS_EMPTY">
    <locale language="en">The Suspect Offender Address must be entered when the Suspect Offender Name is entered.</locale>
  </message>
  <message name="ERR_DOMESTICVIOLENCE_XFV_SUSPECT_OFFENDER_NAME_EMPTY">
    <locale language="en">The Suspect Offender Name must be entered when any of the Suspect Offender details are entered.</locale>
  </message>
</messages>