<?xml version="1.0" encoding="UTF-8"?>
<!--
  Licensed Materials - Property of IBM
  
  Copyright IBM Corporation 2012. All Rights Reserved.
  
  US Government Users Restricted Rights - Use, duplication or disclosure 
  restricted by GSA ADP Schedule Contract with IBM Corp.
-->
<!--
Copyright 2003-2005 Curam Software Ltd.
All rights reserved.

This software is the confidential and proprietary information of Curam
Software, Ltd. ("Confidential Information").  You shall not disclose such
Confidential Information and shall use it only in accordance with the
terms of the license agreement you entered into with Curam Software.
-->
<messages package="curam.message">
  <message name="ERR_DISABILITY_XRV_DISABILITY_EXISTS">
    <locale language="en">A Disability record of this type already exists for this Household Member for the same period.</locale>
  </message>
  <message name="ERR_DISABILITY_XRV_RECEIVED_DATE_DOB">
    <locale language="en">The Received Date must not be earlier than the Participant's Date of Birth. The Participant's Date of Birth is %1d.</locale>
  </message>
</messages>