<?xml version="1.0" encoding="UTF-8"?>
<!--
  Licensed Materials - Property of IBM
  
  Copyright IBM Corporation 2012. All Rights Reserved.
  
  US Government Users Restricted Rights - Use, duplication or disclosure 
  restricted by GSA ADP Schedule Contract with IBM Corp.
-->
<!--
Copyright 2003-2005 Curam Software Ltd.
All rights reserved.

This software is the confidential and proprietary information of Curam
Software, Ltd. ("Confidential Information"). You shall not disclose
such Confidential Information and shall use it only in accordance with
the terms of the license agreement you entered into with Curam
Software.
-->
<messages package="curam.message">
  <message name="ERR_DEPENDENTCAREEXPENSE_FV_PROVIDER_EMPTY">
    <locale language="en">Care Provider Details must be provided.</locale>
  </message>
  <message name="ERR_DEPENDENTCAREEXPENSE_FV_PROVIDER_ADDRESS_EMPTY">
    <locale language="en">Care Provider's Address must be entered if the Care Provider's Name is entered.</locale>
  </message>
  <message name="ERR_DEPENDENTCAREEXPENSE_FV_HOUSEHOLD_MEMBER_EMPTY">
    <locale language="en">Household Member must be entered.</locale>
  </message>
  <message name="ERR_DEPENDENTCAREEXPENSE_FV_RECIPIENT_EMPTY">
    <locale language="en">Care Recipient must be entered.</locale>
  </message>
  <message name="ERR_DEPENDENTCAREEXPENSE_XRV_EXPENSE_EXISTS">
    <locale language="en">Dependent Care Expense record for the Carer, Care Recipient and Care Provider already exists.</locale>
    <locale
      country="GB"
      language="en"
    >Dependant Care Expense record for the Carer, Care Recipient and Care Provider already exists.</locale>
  </message>
  <message name="ERR_DEPENDENTCAREEXPENSE_XRV_HOUSEHOLDMEMBER_MINOR">
    <locale language="en">Household Member selected must be an adult.</locale>
  </message>
  <message name="ERR_DEPENDENTCAREEXPENSE_XRV_PROVIDER_MINOR">
    <locale language="en">Care Provider selected must be an adult.</locale>
  </message>
  <message name="ERR_DEPENDENTCAREEXPENSE_XFV_LASTPAYMENTDATE_LARGE">
    <locale language="en">Last Payment Date must be before effective date of evidence.</locale>
  </message>
  <message name="ERR_DEPENDENTCAREEXPENSE_CREATE__SELECT_ONLY_ONE_CARE_PROVIDER">
    <locale language="en">Only one Care Provider can be entered. Please select a Care Provider Participant or search for a registered Care Provider or enter details for an unregistered Care Provider.</locale>
  </message>
  <message name="ERR_DEPENDENTCAREEXPENSE_CREATE_PROVIDER_NAME_SET_NO_ADDRESS">
    <locale language="en">The Care Provider Address must be entered when the Care Provider Name is entered.</locale>
  </message>
  <message name="ERR_DEPENDENTCAREEXPENSE_CREATE_PROVIDER_DETAILS_SET_NO_NAME">
    <locale language="en">The Care Provider Name must be entered when any of the Care Provider details are entered.</locale>
  </message>
</messages>