<?xml version="1.0" encoding="UTF-8"?>
<!--
  Licensed Materials - Property of IBM
  
  Copyright IBM Corporation 2012. All Rights Reserved.
  
  US Government Users Restricted Rights - Use, duplication or disclosure 
  restricted by GSA ADP Schedule Contract with IBM Corp.
-->
<!--
Copyright 2003,2005 Curam Software, Ltd.
All rights reserved.

This software is the confidential and proprietary information of Curam
Software, Ltd. ("Confidential Information").  You shall not
disclose such Confidential Information and shall use it only in accordance
with the terms of the license agreement you entered into with Curam Software.
-->
<messages package="curam.message">
  <message name="ERR_DEPRIVATION_FV_DEPRIVING_PARENT_EMPTY">
    <locale language="en">Parent Details must be provided.</locale>
  </message>
  <message name="ERR_DEPRIVATION_XFV_PARENT_FIRSTNAME_SURNAME">
    <locale language="en">Parent First Name must be entered if its Surname is entered.</locale>
  </message>
  <message name="ERR_DEPRIVATION_XFV_PARENT_SURNAME_FIRSTNAME">
    <locale language="en">Parent Surname must be entered if its First Name is entered.</locale>
  </message>
  <message name="ERR_DEPRIVATION_XRV_DEPRIVATION_EXISTS">
    <locale language="en">A Deprivation record already exists for this Participant and Parent.</locale>
  </message>
  <message name="ERR_DEPRIVATION_FV_DEPRIVING_PARENT_MORE_THAN_ONE">
    <locale language="en">Only one Parent can be entered. Please select a Parent Participant or search for a registered Parent or enter details for an unregistered Parent.</locale>
  </message>
  <message name="ERR_DEPRIVATION_XFV_PARENT_ADDRESS_EMPTY">
    <locale language="en">The Parent Address must be entered when the Parent Name is entered.</locale>
  </message>
  <message name="ERR_DEPRIVATION_XFV_PARENT_NAME_EMPTY">
    <locale language="en">The Parent Name must be entered when any of the Parent details are entered.</locale>
  </message>
  <message name="ERR_DEPRIVATION_XFV_PARENT_HOUSEHOLD_MEMBER">
    <locale language="en">Parent and Participant cannot be the same person.</locale>
  </message>
  <message name="ERR_DEPRIVATION_XRV_RECEIVED_DATE_DOB">
    <locale language="en">The Received Date must not be earlier than the Participant's Date of Birth. The Participant's Date of Birth is %1d.</locale>
  </message>
</messages>