<?xml version="1.0" encoding="UTF-8"?>
<!--
  Licensed Materials - Property of IBM
  
  Copyright IBM Corporation 2012. All Rights Reserved.
  
  US Government Users Restricted Rights - Use, duplication or disclosure 
  restricted by GSA ADP Schedule Contract with IBM Corp.
-->
<!-- 
Copyright 2003-2008 Curam Software Ltd.
All rights reserved.

This software is the confidential and proprietary information of Curam
Software, Ltd. ("Confidential Information").  You shall not
disclose such Confidential Information and shall use it only in accordance
with the terms of the license agreement you entered into with Curam Software.
-->
<messages package="curam.message">
  <message name="ERR_ISPEVIDENCEUTILITY_FV_PARTICIPANT_EMPTY">
    <locale language="en">Could not validate Dates as no Participant details available.</locale>
  </message>
  <message name="ERR_ISPEVIDENCEUTILITY_FV_PARTICIPANT_NOT_PERSON">
    <locale language="en">Could not validate Dates as Participant specified is not a Person.</locale>
  </message>
  <message name="ERR_ISPEVIDENCEUTILITY_NO_ACTIVE_TREE_FOODSTAMPS">
    <locale language="en">An active evidence tree for the food assistance product delivery could not be found. Please activate an evidence tree for the food assistance product delivery before checking eligibility.</locale>
  </message>
  <message name="ERR_ISPEVIDENCEUTILITY_NO_ACTIVE_TREE_CASHASSISTANCE">
    <locale language="en">An active evidence tree for the cash assistance product delivery could not be found. Please activate an evidence tree for the cash assistance product delivery before checking eligibility.</locale>
  </message>
  <message name="ERR_ISPEVIDENCEUTILITY_NO_ACTIVE_TREE_UKINCOMESUPPORT">
    <locale language="en">An active evidence tree for the income support product delivery could not be found. Please activate an evidence tree for the income support product delivery before checking eligibility.</locale>
  </message>
  <message name="ERR_ISPEVIDENCEUTILITY_NO_ACTIVE_TREE_DEFAULTPRODUCT">
    <locale language="en">An active evidence tree for the product delivery could not be found. Please activate an evidence tree for the product delivery before checking eligibility.</locale>
  </message>
  <message name="ERR_ISPEVIDENCEUTILITY_NO_ACTIVE_TREE_INTEGRATEDCASE">
    <locale language="en">An active evidence tree for the income support integrated case could not be found. Please activate an evidence tree on the income support integrated case before checking eligibility for a product delivery.</locale>
  </message>
  <message name="ERR_ISPEVIDENCEUTILITY_NO_ACTIVE_TREE_LIFC">
    <locale language="en">An active evidence tree for the low income families with children medical assistance product delivery could not be found. Please activate an evidence tree for the low income families with children product delivery before checking eligibility.</locale>
  </message>
  <message name="ERR_ISPEVIDENCEUTILITY_NO_ACTIVE_TREE_ABD">
    <locale language="en">An active evidence tree for the aged blind and disabled medical assistance product delivery could not be found. Please activate an evidence tree for the aged blind and disabled product delivery before checking eligibility.</locale>
  </message>
  <!-- BEGIN, HARP 79369, ROC -->
  <message name="ERR_ISPEVIDENCEUTILITY_FV_PROSPECT_PERSON_DATE_OF_BIRTH_EMPTY">
    <locale language="en">This record cannot be created. Please specify a date of birth for the Prospect Person %1s</locale>
  </message>
  <!-- END, HARP 79369 -->
</messages>