<?xml version="1.0" encoding="UTF-8"?>
<!--
  Licensed Materials - Property of IBM
  
  Copyright IBM Corporation 2012. All Rights Reserved.
  
  US Government Users Restricted Rights - Use, duplication or disclosure 
  restricted by GSA ADP Schedule Contract with IBM Corp.
-->
<!-- 
Copyright 2008 Curam Software Ltd.
All rights reserved.

This software is the confidential and proprietary information of Curam
Software, Ltd. ("Confidential Information").  You shall not
disclose such Confidential Information and shall use it only in accordance
with the terms of the license agreement you entered into with Curam Software.
-->
<messages package="curam.message">
  <message name="ERR_REGISTRAR_INCORRECT_BPOCLASS">
    <locale language="en">Business Process class %1s for product of type %2c is not assignable to type %3s.</locale>
  </message>
  <message name="ERR_REGISTRAR_NEW_INSTANCE_UNIMPLEMENTED">
    <locale language="en">Factory class %1s for product of type %2c does not implement newInstance method.</locale>
  </message>
  <message name="ERR_REGISTRAR_HOOK_INSTANTIATION_FAILED">
    <locale language="en">Exception instantiating hook for product of type %1c : %2s.</locale>
  </message>
  <message name="ERR_REGISTRAR_ISSUE">
    <locale language="en">Exception occurred while creating the Evidence Component Hook Registrar.</locale>
  </message>
  <message name="INF_EVIDENCE_PENDING_REMOVAL">
    <locale language="en">This evidence is now pending removal.</locale>
  </message>
</messages>