<?xml version="1.0" encoding="UTF-8"?>
<!--
  Licensed Materials - Property of IBM
  
  Copyright IBM Corporation 2012. All Rights Reserved.
  
  US Government Users Restricted Rights - Use, duplication or disclosure 
  restricted by GSA ADP Schedule Contract with IBM Corp.
-->
<!--
 Copyright 2003-2005 Curam Software Ltd.
 All rights reserved.

 This software is the confidential and proprietary information of Curam
 Software, Ltd. ("Confidential Information").  You shall not disclose such
 Confidential Information and shall use it only in accordance with the
 terms of the license agreement you entered into with Curam Software.
-->
<messages package="curam.message">
  <message name="ERR_EMPLOYMENTEXPENSE_XRV_EXPENSE_EXISTS">
    <locale language="en">An Employment Expense record already exists for this Participant and Employment type.</locale>
  </message>
  <message name="ERR_EMPLOYMENTEXPENSE_FV_EMPLOYER_EMPTY">
    <locale language="en">Employer must be selected.</locale>
  </message>
  <message name="ERR_EMPLOYMENTEXPENSE_XRV_EMPLOYMENT_EMPTY">
    <locale language="en">Employment must be associated with this Employment Expense.</locale>
  </message>
</messages>