<?xml version="1.0" encoding="UTF-8"?>
<!--
  Licensed Materials - Property of IBM
  
  Copyright IBM Corporation 2012. All Rights Reserved.
  
  US Government Users Restricted Rights - Use, duplication or disclosure 
  restricted by GSA ADP Schedule Contract with IBM Corp.
-->
<!--
 Copyright 2004-2005 Curam Software Ltd.
 All rights reserved.

 This software is the confidential and proprietary information of Curam
 Software, Ltd. ("Confidential Information").  You shall not disclose such
 Confidential Information and shall use it only in accordance with the
 terms of the license agreement you entered into with Curam Software.
-->
<messages package="curam.message">
  <message name="ERR_ISPGENERALUTILITY_FV_PARTICIPANT_EMPTY">
    <locale language="en">Could not validate Household Member as no Participant details provided.</locale>
  </message>
  <message name="ERR_ISPGENERALUTILITY_FV_EVIDENCETREE_EMPTY">
    <locale language="en">Could not validate Household Member as no Evidence Tree details provided.</locale>
  </message>
  <message name="ERR_ISPGENERALUTILITY_FV_KEY_DETAILS_EMPTY">
    <locale language="en">Could not do calculation as no Participant or Date details provided.</locale>
  </message>
  <message name="ERR_ISPGENERALUTILITY_FV_INCREMENT_AMOUNT_EMPTY">
    <locale language="en">Could not do calculation as no increment amount provided.</locale>
  </message>
  <message name="ERR_ISPGENERALUTILITY_FV_DURATION_TYPE_EMPTY">
    <locale language="en">Could not do calculation as no duration type provided.</locale>
  </message>
</messages>