<?xml version="1.0" encoding="UTF-8"?>
<!--
  Licensed Materials - Property of IBM
  
  Copyright IBM Corporation 2012. All Rights Reserved.
  
  US Government Users Restricted Rights - Use, duplication or disclosure 
  restricted by GSA ADP Schedule Contract with IBM Corp.
-->
<!--
 Copyright 2005 - 2006 Curam Software Ltd.
 All rights reserved.

 This software is the confidential and proprietary information of Curam
 Software, Ltd. ("Confidential Information").  You shall not disclose such
 Confidential Information and shall use it only in accordance with the
 terms of the license agreement you entered into with Curam Software.
-->
<messages package="curam.message">


  <!-- Policyholder related -->
  <message name="ERR_GENERALINSURANCE_XFV_PLCHDR_MUST">
    <locale language="en">Policyholder details must be provided.</locale>
  </message>
  <message name="ERR_GENERALINSURANCE_XFV_ONE_PLCHDR_ONLY">
    <locale language="en">Only one Policyholder can be entered. Please select a Policyholder Participant or search for a registered Policyholder or enter details for an unregistered Policyholder.</locale>
  </message>
  <message name="ERR_GENERALINSURANCE_XFV_PLCHDR_ADDRESS_MUST">
    <locale language="en">The Policyholder Address must be entered when the Policyholder is entered.</locale>
  </message>
  <message name="ERR_GENERALINSURANCE_XFV_PLCHDR__DETAILS">
    <locale language="en">The Policyholder Name must be entered when any of the Policyholder details are entered.</locale>
  </message>
  <!-- Insurance Company related -->
  <message name="ERR_GENERALINSURANCE_XFV_INSCOMP_MUST">
    <locale language="en">Insurance Company details must be provided.</locale>
  </message>
  <message name="ERR_GENERALINSURANCE_XFV_ONE_INSCOMP_ONLY">
    <locale language="en">Only one Insurance Company can be entered. Please select an Insurance Company Participant or search for a registered Insurance Company or enter details for an unregistered Insurance Company.</locale>
  </message>
  <message name="ERR_GENERALINSURANCE_XFV_INSCOMP_ADDRESS_MUST">
    <locale language="en">The Insurance Company Address must be entered when the Insurance Company Name is entered.</locale>
  </message>
  <message name="ERR_GENERALINSURANCE_XFV_INSCOMP__DETAILS">
    <locale language="en">The Insurance Company Name must be entered when any of the Insurance Company details are entered.</locale>
  </message>
</messages>