<?xml version="1.0" encoding="UTF-8"?>
<!--
  Licensed Materials - Property of IBM
  
  Copyright IBM Corporation 2012. All Rights Reserved.
  
  US Government Users Restricted Rights - Use, duplication or disclosure 
  restricted by GSA ADP Schedule Contract with IBM Corp.
-->
<!--
Copyright 2003-2006 Curam Software Ltd.
All rights reserved.

This software is the confidential and proprietary information of Curam
Software, Ltd. ("Confidential Information").  You shall not disclose such
Confidential Information and shall use it only in accordance with the
terms of the license agreement you entered into with Curam Software.
-->
<messages package="curam.message">
  <message name="ERR_HHOLDRELATIONSHIP_FV_HOUSEHOLDMEMBER_EMPTY">
    <locale language="en">Household Member must be entered.</locale>
  </message>
  <message name="ERR_HHOLDRELATIONSHIP_FV_RELHOUSEHOLDMEMBER_EMPTY">
    <locale language="en">Related Household Member must be entered.</locale>
  </message>
  <message name="ERR_HHOLDRELATIONSHIP_XRV_NOT_ALL_HOUSEHOLD_MEMBERS_RELATED">
    <locale language="en">All household members must have a relationship with each other.</locale>
  </message>
  <message name="ERR_HHOLDRELATIONSHIP_XRV_HOUSEHOLD_MEMBERS_SMALL">
    <locale language="en">There must be at least two members in a Household to create a Household Relationship.</locale>
  </message>
  <message name="ERR_HHOLDRELATIONSHIP_FV_RELATIONSHIPTYPE_EMPTY">
    <locale language="en">Relationship must be entered.</locale>
  </message>
  <message name="ERR_HHOLDRELATIONSHIP_XRV_RELSTARTDATE_AFTER_TREEDATE">
    <locale language="en">Relationship Start Date must be before the evidence effective date.</locale>
  </message>
  <message name="ERR_HHOLDRELATIONSHIP_XRV_RELSTARTDATE_NOT_AFTER_TODAY">
    <locale language="en">The Relationship Start Date must not be later than today.</locale>
  </message>
  <message name="ERR_HHOLDRELATIONSHIP_XRV_RELSTARTDATE_NOT_AFTER_RELENDDATE">
    <locale language="en">The Relationship Start Date must not be later than the Relationship End Date.</locale>
  </message>
  <message name="ERR_HHOLDRELATIONSHIP_XRV_RELENDDATE_NOT_EMPTY_WHENREASON_EXISTS">
    <locale language="en">The Relationship End Date must be entered if End Reason is selected.</locale>
  </message>
  <message name="ERR_HHOLDRELATIONSHIP_XRV_RELENDREASON_NOT_EMPTY_WHEN_RELENDDATE_EXISTS">
    <locale language="en">The End Reason must be selected if Relationship End Date is entered.</locale>
  </message>
  <message name="ERR_HHOLDRELATIONSHIP_XRV_NPCRRELATIONSHIP_EXISTS">
    <locale language="en">A Non Parent Caretaker Relative relationship already exists for the Related Member.</locale>
  </message>
  <message name="ERR_HHOLDRELATIONSHIP_XRV_DEPENDENTRELATIONSHIP_EXISTS">
    <locale language="en">A Dependent relationship already exists for the Related Member.</locale>
    <locale
      country="GB"
      language="en"
    >The related member already has a relationship of type Dependant with another household member.</locale>
  </message>
  <message name="ERR_HHOLDRELATIONSHIP_XRV_DEPENDENTNPCR_RELATIVE_NOTCHILD">
    <locale language="en">The Related Member must be a minor when Non Parent Caretaker Relative or Related Member is Dependent are selected.</locale>
    <locale
      country="GB"
      language="en"
    >The Related Member must be a minor when Non Parent Caretaker Relative or Related Member is Dependant are selected.</locale>
  </message>
  <message name="ERR_HHOLDRELATIONSHIP_XRV_NPCRRELATIONSHIP_MUST_BE_BLOOD_RELATIVE_WITHIN_FIFTH_DEGREE">
    <locale language="en">When Non Parent Caretaker Relative is selected, the Household Member must be a blood relative within the fifth degree of relationship of the Related Member. Please see the Help section for more information on Non Parent Caretaker Relatives.</locale>
  </message>
  <message name="ERR_HHOLDRELATIONSHIP_FV_RELATIONSHIP_CANNOT_BE_CREATED">
    <locale language="en">A relationship cannot be created as no 'gender' has been specified for the Prospect Person %1s.</locale>
  </message>
  <message name="ERR_HHOLDRELATIONSHIP_XRV_RELATED_IN_SOME_OTHER_WAY_NOT_VALID">
    <locale language="en">A relationship of type "is related in some other way" is an invalid relationship.</locale>
  </message>
</messages>