<?xml version="1.0" encoding="UTF-8"?>
<!--
  Licensed Materials - Property of IBM
  
  Copyright IBM Corporation 2012. All Rights Reserved.
  
  US Government Users Restricted Rights - Use, duplication or disclosure 
  restricted by GSA ADP Schedule Contract with IBM Corp.
-->
<!--
 Copyright 2003-2006 Curam Software Ltd.
 All rights reserved.

 This software is the confidential and proprietary information of Curam
 Software, Ltd. ("Confidential Information").  You shall not disclose such
 Confidential Information and shall use it only in accordance with the
 terms of the license agreement you entered into with Curam Software.
-->
<messages package="curam.message">
  <message name="ERR_HHOLDMEMBER_FV_HOUSEHOLDMEMBER_EMPTY">
    <locale language="en">The Household Member must be entered.</locale>
  </message>
  <message name="ERR_HOUSEHOLDMEMBER_XRV_HOUSEHOLDMEMBER_EXISTS">
    <locale language="en">This Participant is already a Household Member on this case.</locale>
  </message>
  <message name="ERR_HOUSEHOLDMEMBER_XRV_RECENTLY_ARRIVED">
    <locale language="en">Recently Arrived and Intends to Reside Permanently or Indefinitely must be entered if Residency Status is Permanent and Resident From date is within the last 30 days.</locale>
  </message>
</messages>