<?xml version="1.0" encoding="UTF-8"?>
<!--
  Licensed Materials - Property of IBM
  
  Copyright IBM Corporation 2012. All Rights Reserved.
  
  US Government Users Restricted Rights - Use, duplication or disclosure 
  restricted by GSA ADP Schedule Contract with IBM Corp.
-->
<!--
Copyright 2004-2006 Curam Software Ltd.
All rights reserved.

This software is the confidential and proprietary information of Curam
Software, Ltd. ("Confidential Information").  You shall not disclose such
Confidential Information and shall use it only in accordance with the
terms of the license agreement you entered into with Curam Software.
-->
<messages package="curam.message">
  <message name="ERR_HHOLDMEALSGROUP_XRV_MEAL_GROUP_MODIFIED">
    <locale language="en">This Household Meals Group has been modified by another user.</locale>
  </message>
  <message name="ERR_HHOLDMEALSGROUP_XRV_HHOLD_GROUP_MEMBER_EXITS">
    <locale language="en">Household Meals Group cannot be canceled; A Household Meals Group Member is still associated to it.</locale>
    <locale
      country="GB"
      language="en"
    >Household Meals Group cannot be cancelled; A Household Meals Group Member is still associated to it.</locale>
  </message>
  <message name="ERR_HHOLDMEALSGROUP_XRV_GROUP_NAME_ALREADY_EXIST">
    <locale language="en">A Household Meals Group using this name already exists.</locale>
  </message>
</messages>