<?xml version="1.0" encoding="UTF-8"?>
<!--
  Licensed Materials - Property of IBM
  
  Copyright IBM Corporation 2012. All Rights Reserved.
  
  US Government Users Restricted Rights - Use, duplication or disclosure 
  restricted by GSA ADP Schedule Contract with IBM Corp.
-->
<!--
 Copyright 2003-2005 Curam Software Ltd.
 All rights reserved.

 This software is the confidential and proprietary information of Curam
 Software, Ltd. ("Confidential Information").  You shall not disclose such
 Confidential Information and shall use it only in accordance with the
 terms of the license agreement you entered into with Curam Software.
-->
<messages package="curam.message">
  <message name="ERR_INCOMEALLOC_FV_GREATER_THAN_INCOME">
    <locale language="en">The Amount to be Allocated must not be greater than the Unallocated Income Amount.</locale>
  </message>
  <message name="ERR_INCOMEALLOC_FV_GREATER_THAN_EXPENSE">
    <locale language="en">The Amount to be Allocated must not be greater than the Unallocated Expense Amount.</locale>
  </message>
</messages>