<?xml version="1.0" encoding="UTF-8"?>
<!--
  Licensed Materials - Property of IBM
  
  Copyright IBM Corporation 2012. All Rights Reserved.
  
  US Government Users Restricted Rights - Use, duplication or disclosure 
  restricted by GSA ADP Schedule Contract with IBM Corp.
-->
<!--
 Copyright 2006 Curam Software Ltd.
 All rights reserved.

 This software is the confidential and proprietary information of Curam
 Software, Ltd. ("Confidential Information").  You shall not disclose such
 Confidential Information and shall use it only in accordance with the
 terms of the license agreement you entered into with Curam Software.
-->
<messages package="curam.message">
  <message name="ERR_LEVELOFCARE_FV_CERTIFIER_EMPTY">
    <locale language="en">Certifier Details must be provided.</locale>
  </message>
  <message name="ERR_LEVELOFCARE_FV_CERTIFER_ADDRESS_EMPTY">
    <locale language="en">Address details must be entered when the Certifier Name is entered.</locale>
  </message>
  <message name="ERR_LEVELOFCARE_FV_CERTIFIER_NAME_EMPTY">
    <locale language="en">The Certifier Name must be entered when any of the Certifier details are entered.</locale>
  </message>
  <message name="ERR_LEVELOFCARE_XFV_CERTIFIER_PHONE_AREA_CODE_NUMBER">
    <locale language="en">The Certifier Phone Area Code must be entered if Certifier Phone Number is entered.</locale>
  </message>
  <message name="ERR_LEVELOFCARE_XFV_CERTIFER_PHONE_NUMBER_AREA_CODE">
    <locale language="en">The Certifier Phone Number must be entered if the Certifier Phone Area Code is entered.</locale>
  </message>
  <message name="ERR_LEVELOFCARE_XRV_CERTIFIER_EXISTS">
    <locale language="en">A Certifier record already exists for this Participant.</locale>
  </message>
  <message name="ERR_LEVELOFCARE_XFV_CERTIFIER_ONLY_ONE">
    <locale language="en">Only one Certifier can be entered. Please select a Certifier Participant or search for a registered Certifier or enter details for an unregistered Certifier.</locale>
  </message>
  <message name="ERR_LEVELOFCARE_XFV_INVALID_ADDRESS_PHONE_ENTERED">
    <locale language="en">Invalid Address details and Phone details entered. Please select a Certifier Participant or search for a registered Certifier or enter details for an unregistered Certifier.</locale>
  </message>
</messages>