<?xml version="1.0" encoding="UTF-8"?>
<!--
  Licensed Materials - Property of IBM
  
  Copyright IBM Corporation 2012. All Rights Reserved.
  
  US Government Users Restricted Rights - Use, duplication or disclosure 
  restricted by GSA ADP Schedule Contract with IBM Corp.
-->
<!--
 Copyright 2003-2006 Curam Software Ltd.
 All rights reserved.

 This software is the confidential and proprietary information of Curam
 Software, Ltd. ("Confidential Information").  You shall not disclose such
 Confidential Information and shall use it only in accordance with the
 terms of the license agreement you entered into with Curam Software.
-->
<messages package="curam.message">
  <message name="ERR_LIQUIDRESOURCE_FV_OWNER_EMPTY">
    <locale language="en">The Liquid Resource Owner must be provided.</locale>
  </message>
  <message name="ERR_LIQUIDRESOURCE_XRV_NO_CANCEL_CHILD_EXISTS">
    <locale language="en">This Liquid Resource record cannot be removed as there is a related Ownership record. To remove the Liquid Resource record, you must first remove the related Ownership record.</locale>
    <locale
      country="GB"
      language="en"
    >Liquid Resource record cannot be cancelled: An associated Joint Owner record exists.</locale>
  </message>
  <message name="ERR_LIQUIDRESOURCE_FV_JOINTOWNER_EMPTY">
    <locale language="en">Liquid Resource Joint Owner must be supplied.</locale>
  </message>
  <message name="ERR_LIQUIDRESOURCE_XFV_JOINTOWNER_ADDRESS_NAME">
    <locale language="en">Liquid Resource Joint Owner Address must be entered if Joint Owner Name is entered.</locale>
  </message>
  <message name="ERR_LIQUIDRESOURCE_XFV_JOINTOWNER_PHONE_AREA_CODE_PHONE_NUMBER">
    <locale language="en">Liquid Resource Joint Owner Phone Area Code must be entered if Joint Owner Phone Number is entered.</locale>
  </message>
  <message name="ERR_LIQUIDRESOURCE_XFV_JOINTOWNER_PHONE_NUMBER_PHONE_AREA_CODE">
    <locale language="en">Liquid Resource Joint Owner Phone Number must be entered if Joint Owner Phone Area Code is entered.</locale>
  </message>
  <message name="ERR_LIQUIDRESOURCE_XFV_INSTITUTION_NAME_EMPTY">
    <locale language="en">The Institution Name must be entered when any of the Institution details are entered.</locale>
  </message>
  <message name="ERR_LIQUIDRESOURCE_XFV_INSTITUTION_PHONE_AREA_CODE_PHONE_NUMBER">
    <locale language="en">Institution Phone Area Code must be entered if Institution Phone Number is entered.</locale>
  </message>
  <message name="ERR_LIQUIDRESOURCE_XFV_INSTITUTION_PHONE_NUMBER_PHONE_AREA_CODE">
    <locale language="en">Institution Phone Number must be entered if Institution Phone Area Code is entered.</locale>
  </message>
  <message name="INF_LIQUIDRESOURCE_LINKTEXT_VIEW_BANKACCOUNT">
    <locale language="en">View</locale>
  </message>
  <message name="INF_LIQUIDRESOURCE_LINKTEXT_ADD_BANKACCOUNT">
    <locale language="en">New</locale>
  </message>
  <message name="ERR_LIQUIDRESOURCE_XRV_JOINT_OWNER_EXISTS">
    <locale language="en">This Case Participant already exists as a Joint Owner of this Liquid Resource.</locale>
  </message>
  <message name="ERR_LIQUIDRESOURCE_XRV_OWNER_EXISTS">
    <locale language="en">This Case Participant already exists as the Owner of this Liquid Resource.</locale>
  </message>
  <message name="ERR_LIQUIDRESOURCE_XFV_NUMBEROFSAVINGSCERTIFICATEUNITS_EMPTY">
    <locale language="en">The Number of Units must be entered when an Issue Number is entered.</locale>
  </message>
  <message name="ERR_LIQUIDRESOURCE_XFV_SAVINGCERTIFICATEISSUENUMBER_EMPTY">
    <locale language="en">The Issue Number must be entered when Number of Units is entered.</locale>
  </message>
  <message name="ERR_LIQUIDRESOURCE_XFV_ONLY_ONE_INST_CAN_BE_ENTERED">
    <locale language="en">Only one Institution can be entered. Please select an Institution Participant or enter details for an unregistered Institution.</locale>
  </message>
  <message name="ERR_LIQUIDRESOURCE_XFV_INSTUTUTION_ADDRESS_EMPTY">
    <locale language="en">The Institution Address must be entered when the Institution Name is entered.</locale>
  </message>
  <message name="ERR_LIQUIDRESOURCE_XFV_DATE_RECEIVED_EARLIER_THAN_PARTICIPANT_DATE">
    <locale language="en">The Date Received must be earlier than the Participant's Date of Birth. The Participant's Date of Birth is '%1d'</locale>
  </message>
  <message name="ERR_LIQUIDRESOURCE_XFV_DATE_RECEIVED_AFTER_TODAYS_DATE">
    <locale language="en">The Date Received must not be later than today.</locale>
  </message>
  <message name="ERR_LIQUIDRESOURCE_XFV_INSTITUTION_NUMBEROFSHARES">
    <locale language="en">The Number of Shares must be entered when an Institution is entered.</locale>
  </message>
  <message name="ERR_LIQUIDRESOURCE_XFV_NUMBEROFSHARES_INSTITUTION">
    <locale language="en">An Institution must be entered when the Number of Shares is entered.</locale>
  </message>
  <message name="ERR_LIQUIDRESOURCE_FV_NUMBEROFSHARES_NEGATIVE">
    <locale language="en">The Number of Shares must be greater than zero.</locale>
  </message>
  <message name="ERR_LIQUIDRESOURCE_RV_RESOURCE_INCOME_CHILD_RECORD_EXISTS">
    <locale language="en">This Liquid Resource record cannot be removed as there is a related Resource Income record. To remove the Liquid Resource record, you must first remove the related Resource Income record.</locale>
  </message>
  <message name="ERR_LIQUIDRESOURCE_FV_OWNER_CHANGE">
    <locale language="en">Liquid Resource Owner cannot be changed for this Evidence.</locale>
  </message>
</messages>