<?xml version="1.0" encoding="UTF-8"?>
<!--
  Licensed Materials - Property of IBM
  
  Copyright IBM Corporation 2012. All Rights Reserved.
  
  US Government Users Restricted Rights - Use, duplication or disclosure 
  restricted by GSA ADP Schedule Contract with IBM Corp.
-->
<!-- 
Copyright 2003,2005 Curam Software Ltd.
All rights reserved.

This software is the confidential and proprietary information of Curam
Software, Ltd. ("Confidential Information").  You shall not
disclose such Confidential Information and shall use it only in accordance
with the terms of the license agreement you entered into with Curam Software.
-->
<messages package="curam.message">
  <message name="ERR_LIFEINSURANCE_FV_POLICY_OWNER_EMPTY">
    <locale language="en">Policy Owner must be selected.</locale>
  </message>
  <message name="ERR_LIFEINSURANCE_FV_INSURANCE_COMPANY_EMPTY">
    <locale language="en">Insurance Provider's Details must be provided.</locale>
  </message>
  <message name="ERR_LIFEINSURANCE_FV_INSURED_PERSON_EMPTY">
    <locale language="en">Insured Person's Details must be provided.</locale>
  </message>
  <message name="ERR_LIFEINSURANCE_XFV_COMPANY_ADDRESS_NAME">
    <locale language="en">The Insurance Provider Address must be entered when the Insurance Provider Name is entered.</locale>
  </message>
  <message name="ERR_LIFEINSURANCE_XFV_COMPANY_PHONE_AREA_CODE_PHONE_NUMBER">
    <locale language="en">Insurance Provider's Phone Area Code must be entered if Insurance Provider's Phone Number is entered.</locale>
  </message>
  <message name="ERR_LIFEINSURANCE_XFV_COMPANY_PHONE_NUMBER_PHONE_AREA_CODE">
    <locale language="en">Insurance Provider's Phone Number must be entered if Insurance Provider's Phone Area Code is entered.</locale>
  </message>
  <message name="ERR_LIFEINSURANCE_XFV_PERSON_ADDRESS_NAME">
    <locale language="en">The Insured Person's Address must be entered when the Insured Person's Name is entered.</locale>
  </message>
  <message name="ERR_LIFEINSURANCE_XFV_PERSON_PHONE_AREA_CODE_PHONE_NUMBER">
    <locale language="en">Insured Person's Phone Area Code must be entered if Insured Person's Phone Number is entered.</locale>
  </message>
  <message name="ERR_LIFEINSURANCE_XFV_PERSON_PHONE_NUMBER_PHONE_AREA_CODE">
    <locale language="en">Insured Person's Phone Number must be entered if Insured Person's Phone Area Code is entered.</locale>
  </message>
  <message name="ERR_LIFEINSURANCE_XFV_INSURER_NAME_EMPTY">
    <locale language="en">The Insurance Provider Name must be entered when any of the Insurance Provider details are entered.</locale>
  </message>
  <message name="ERR_LIFEINSURANCE_FV_INSURER_MORE_THAN_ONE">
    <locale language="en">Only one Insurance Provider can be entered. Please select an Insurance Provider Participant or enter details for an unregistered Insurance Provider.</locale>
  </message>
  <message name="ERR_LIFEINSURANCE_XFV_INSURED_PERSON_NAME_EMPTY">
    <locale language="en">The Insured Person's Name must be entered when any of the Insured Person's details are entered.</locale>
  </message>
  <message name="ERR_LIFEINSURANCE_FV_INSURED_PERSON_MORE_THAN_ONE">
    <locale language="en">Only one Insured Person can be entered. Please select an Insured Participant or search for a registered Insured Person or enter details for an unregistered Insured Person.</locale>
  </message>
</messages>