<?xml version="1.0" encoding="UTF-8"?>
<!--
  Licensed Materials - Property of IBM
  
  Copyright IBM Corporation 2012. All Rights Reserved.
  
  US Government Users Restricted Rights - Use, duplication or disclosure 
  restricted by GSA ADP Schedule Contract with IBM Corp.
-->
<!--
Copyright 2006 Curam Software, Ltd.
All rights reserved.

This software is the confidential and proprietary information of Curam
Software, Ltd. ("Confidential Information").  You shall not
disclose such Confidential Information and shall use it only in accordance
with the terms of the license agreement you entered into with Curam Software.
-->
<messages package="curam.message">
  <message name="ERR_LEGALGUARDIAN_FV_EMPTY">
    <locale language="en">Legal Guardian details must be provided.</locale>
  </message>
  <message name="ERR_LEGALGUARDIAN_XRV__EXISTS">
    <locale language="en">A Legal Guardian record already exists for this Household Member during the same period.</locale>
  </message>
  <message name="ERR_LEGALGUARDIAN_XFV_MORE_THAN_ONE_ENTERED">
    <locale language="en">Only one Legal Guardian can be entered. Please select a Legal Guardian Participant or search for a registered Legal Guardian or enter details for an unregistered Legal Guardian.</locale>
  </message>
  <message name="ERR_LEGALGUARDIAN_XFV_ADDRESS_EMPTY">
    <locale language="en">Address must be entered if Legal Guardian Name is entered.</locale>
  </message>
  <message name="ERR_LEGALGUARDIAN_XFV_NAME_EMPTY">
    <locale language="en">The Legal Guardian Name must be entered when any of the Legal Guardian details are entered.</locale>
  </message>
</messages>