<?xml version="1.0" encoding="UTF-8"?>
<!--
  Licensed Materials - Property of IBM
  
  Copyright IBM Corporation 2012. All Rights Reserved.
  
  US Government Users Restricted Rights - Use, duplication or disclosure 
  restricted by GSA ADP Schedule Contract with IBM Corp.
-->
<!--
    Copyright 2008 Curam Software Ltd.
    All rights reserved.
    
    This software is the confidential and proprietary information of Curam
    Software, Ltd. ("Confidential Information").  You shall not disclose such
    Confidential Information and shall use it only in accordance with the
    terms of the license agreement you entered into with Curam Software.
-->
<messages package="curam.message">
  <message name="ERR_LOAN_XFV_INSTITUTION_NAME_EMPTY">
    <locale language="en">The Institution Name must be entered when any of the Institution details are entered.</locale>
  </message>
  <message name="ERR_LOAN_XFV_ADDRESS_EMPTY">
    <locale language="en">The Institution Address must be entered when the Institution Name is entered.</locale>
  </message>
  <message name="ERR_LOAN_XFV_ONLY_ONE_INST_CAN_BE_ENTERED">
    <locale language="en">Only one Institution can be entered. Please select an Institution Participant or enter details for an unregistered Institution.</locale>
  </message>
</messages>
