<?xml version="1.0" encoding="UTF-8"?>
<!--
  Licensed Materials - Property of IBM
  
  Copyright IBM Corporation 2012. All Rights Reserved.
  
  US Government Users Restricted Rights - Use, duplication or disclosure 
  restricted by GSA ADP Schedule Contract with IBM Corp.
-->
<!--
 Copyright 2003,2005-2006 Curam Software Ltd.
 All rights reserved.

 This software is the confidential and proprietary information of Curam
 Software, Ltd. ("Confidential Information").  You shall not disclose such
 Confidential Information and shall use it only in accordance with the
 terms of the license agreement you entered into with Curam Software.
-->
<messages package="curam.message">
  <message name="ERR_LIVINGARRANGEMENT_FV_FACILITY_EMPTY">
    <locale language="en">Facility Details must be provided.</locale>
  </message>
  <message name="ERR_LIVINGARRANGEMENT_XFV_FACILITY_PHONE_AREA_CODE_NUMBER">
    <locale language="en">Facility Phone Area Code must be entered if Facility Phone Number is entered.</locale>
  </message>
  <message name="ERR_LIVINGARRANGEMENT_XFV_FACILITY_PHONE_NUMBER_AREA_CODE">
    <locale language="en">Facility Phone Number must be entered if Facility Phone Area Code is entered.</locale>
  </message>
  <message name="ERR_LIVINGARRANGEMENT_FV_FACILITY_CHANGE">
    <locale language="en">The Facility cannot be changed for this Evidence.</locale>
  </message>
  <message name="ERR_LIVINGARRANGEMENT_FV_FACILITY_MORE_THAN_ONE">
    <locale language="en">Only one Facility can be entered. Please select a Facility Participant or search for a registered Facility or enter details for an unregistered Facility.</locale>
  </message>
  <message name="ERR_LIVINGARRANGEMENT_XFV_FACILITY_ADDRESS_EMPTY">
    <locale language="en">The Facility Address must be entered when the Facility Name is entered.</locale>
  </message>
  <message name="ERR_LIVINGARRANGEMENT_XFV_FACILITY_NAME_EMPTY">
    <locale language="en">The Facility Name must be entered when any of the Facility details are entered.</locale>
  </message>
  <message name="ERR_LIVINGARRANGEMENT_RATETABLE_MUST_BE_ENTERED_WHEN_CODETABLE_ENTERED">
    <locale language="en">A corresponding rate table value must be created when a new code table value is entered.</locale>
  </message>
</messages>